Indicator,Acronym,Description,Final units,Status,CheckCol,UnitsTable
Soil Organic Carbon,SOC,"Carbon bound up in soil organic matter (SOM), which is composed of decomposing plants and animals, soil microbes, and the substances that soil microbes synthesize. SOC is a direct measurement of soil carbon accrual and soil health.","% mass of SOC over soil mass; when BD is also measured, % SOC will be converted to tons of SOC stored per acre to the project's specified sampling depth",AgC,org_c,%
Mineral Associated Organic Carbon,MAOC,Size fractionation is a laboratory process that divides SOC into two groups that provide different benefits. MAOC is a more stable form of soil organic carbon that can be stored in soils for centuries.,"% mass of MAOC over soil mass; when BD is also measured, % MAOC will be converted to tons of MAOC stored per acre to the project's specified sampling depth",AgC,maom,%
Particulate Organic Carbon,POC,Size fractionation is a laboratory process that divides SOC into two groups that provide different benefits. POC is a form of soil organic carbon that has less longevity but is more available for providing soil nutrients.,"% mass of POC over soil mass; when BD is also measured, % POC will be converted to tons of POC stored per acre to the project's specified sampling depth",AgC,maoc,%
Soil Inorganic Carbon,SIC,Nonliving carbon bound up in carbonate minerals; sometimes the dominant form of soil carbon in arid climates with alkaline soils. SIC is an important form of carbon storage for climate change mitigation; recommended only for soils with a pH over 7.,"% mass of SIC over soil mass; when BD is also measured, % SIC will be converted to tons of SIC stored per acre to the project's specified sampling depth",AgC,inorg_c,%
Microbial Biomass,MB,"The mass of soil micro-organisms, like bacteria and fungi, relative to soil mass. Higher MB indicates greater microbial abundance. ",Micrograms (μg) of biomass per gram of dry soil,Extra,microbial_c,μg/g
Aboveground Herbaceous Biomass,AHB,Mass of living grasses and forbs above the soil. AHB serves as a measure of forage productivity; turns into soil carbon over time through decomposition.,Tons of dry biomass produced per acre per year,AgC,,tons C / acre
Herbaceous Root Biomass,HRB,Mass of living roots produced by grasses and forbs. HRB contributes to soil health; turns into soil carbon over time through decomposition.,Tons of dry herbaceous root biomass per acre,AgC,,tons C / acre
Aboveground Woody Biomass,AWB,Mass of living trees and shrubs above the soil. AWB represents longer-term carbon storage in trunks and branches,Tons of aboveground woody biomass per acre,AgC,,tons C / acre
Woody Root Biomass,WRB,Mass of tree and shrub roots. WRB contributes to soil health and longer-term carbon storage in woody roots.,Tons of woody root biomass per acre,AgC,,tons C / acre
Soil Bulk Density,BD,"The mass of dry soil for a given volume. BD is related to compaction and aeration which influence water infiltration, root penetration, and microbial habitat",Tons of dry soil per acre to the project's specified sampling depth,AgC,bulk_density,g/cm3
Soil Texture,Tx,"The proportion of sand, silt, and clay minerals in the soil. Soil texture provides information on how soils interact with and potentially stabilize carbon. Clayey soils hold water and nutrients tightly and more efficiently store carbon, but can also cause poor drainage and compaction if present in high amounts. Sandy soils drain water quickly and have good aeration but hold fewer nutrients and moisture and are slower to gain carbon compared to finer soils.","% sand, % silt, % clay",AgC,clay,%
Clay,Clay,"The proportion of sand, silt, and clay minerals in the soil. Soil texture provides information on how soils potentially interact with and stabilize carbon. Clayey soils hold water and nutrients tightly and more efficiently store carbon, but can also cause poor drainage and compaction if present in high amounts. Sandy soils drain water quickly and have good aeration but hold fewer nutrients and moisture and are slower to gain carbon compared to finer soils.",%,AgC,clay,%
Silt,Silt,"The proportion of sand, silt, and clay minerals in the soil. Soil texture provides information on how soils potentially interact with and stabilize carbon. Clayey soils hold water and nutrients tightly and more efficiently store carbon, but can also cause poor drainage and compaction if present in high amounts. Sandy soils drain water quickly and have good aeration but hold fewer nutrients and moisture and are slower to gain carbon compared to finer soils.",%,AgC,silt,%
Sand,Sand,"The proportion of sand, silt, and clay minerals in the soil. Soil texture provides information on how soils potentially interact with and stabilize carbon. Clayey soils hold water and nutrients tightly and more efficiently store carbon, but can also cause poor drainage and compaction if present in high amounts. Sandy soils drain water quickly and have good aeration but hold fewer nutrients and moisture and are slower to gain carbon compared to finer soils.",%,AgC,sand,%
Soil pH,pH,"The acidity or alkalinity of soil. pH impacts the nutrient availability, microbes, and plant dynamics that in turn regulate the amount of carbon entering and cycling in the soil.",0-14 where <7 is acidic and >7 is alkaline,AgC,ph,NA
Mineral Associated Organic Nitrogen,MAON,"Mineral Associated Organic Nitrogen refers to organic nitrogen compounds that are closely bound to soil minerals, such as clay and silt. This association protects the nitrogen from rapid decomposition, making it a more stable and long-term nitrogen reserve in the soil that slowly becomes available to plants.",% mass of MAON over soil mass,Extra,maon,%
Total Soil Nitrogen,N,"Total soil nitrogen refers to the complete amount of nitrogen present in the soil, including both organic forms (like decomposing plant and animal material) and inorganic forms (such as ammonium and nitrate). It represents the soil’s overall nitrogen reserve available for microbial activity and, eventually, plant uptake.",% mass of total soil nitrogen over soil mass,Extra,total_n,%
Cation Exchange Capacity,CEC,"Cation exchange capacity is a measure of how well soil can hold and exchange positively charged micronutrients (i.e. Ca, Mg). Soils with higher CEC can store more of these essential nutrients, making them more available to plants over time.",Number of cations (milliequivalents) that can be held and exchanged in 100g of soil,Extra,cec,meq/100g
CO2 Respiration,CO2 Resp,"The CO₂ respiration test measures how much carbon dioxide is released from soil over a set period, indicating the level of potential microbial activity. Higher CO₂ levels usually mean a more active, living soil with better organic matter breakdown and nutrient cycling.",Parts per million,Extra,co2_resp_ppm,ppm
Nitrate,NO3,"Nitrate is a highly available form of nitrogen in the soil that plants readily absorb and use for growth. Nitrate can easily leach from the soil into groundwater, making timely application and monitoring important for both crop health and environmental protection.",Parts per million,Extra,no3_ppm,ppm
Phosphorus,P,"A soil macronutrient essential for energy transfer, root development, and early plant growth. While it often exists in unavailable forms in this soil, this is a measure of available P accessible to plants to support photosynthesis and flowering. ",Parts per million,Extra,p_ppm,ppm
Potassium,K,"A soil macronutrient that supports overall plant health by regulating water uptake, activating enzymes for photosynthesis, and improving resistance to drought and disease.",Parts per million,Extra,k_ppm,ppm
Sulfur,S,"Soil micronutrients (S, Ca, Mg, Na, Zn, Fe, Mn, Cu) are essential elements required by plants in very small amounts to support critical functions such as growth, reproduction, and resistance to stress. Though needed in trace quantities, their absence can significantly impair plant health and development.",Parts per million,Extra,s_ppm,ppm
Calcium,Ca,"Soil micronutrients (S, Ca, Mg, Na, Zn, Fe, Mn, Cu) are essential elements required by plants in very small amounts to support critical functions such as growth, reproduction, and resistance to stress. Though needed in trace quantities, their absence can significantly impair plant health and development.",Parts per million,Extra,ca_ppm,ppm
Magnesium,Mg,"Soil micronutrients (S, Ca, Mg, Na, Zn, Fe, Mn, Cu) are essential elements required by plants in very small amounts to support critical functions such as growth, reproduction, and resistance to stress. Though needed in trace quantities, their absence can significantly impair plant health and development.",Parts per million,Extra,mg_ppm,ppm
Sodium,Na,"Soil micronutrients (S, Ca, Mg, Na, Zn, Fe, Mn, Cu) are essential elements required by plants in very small amounts to support critical functions such as growth, reproduction, and resistance to stress. Though needed in trace quantities, their absence can significantly impair plant health and development.",Parts per million,Extra,na_ppm,ppm
Zinc,Zn,"Soil micronutrients (S, Ca, Mg, Na, Zn, Fe, Mn, Cu) are essential elements required by plants in very small amounts to support critical functions such as growth, reproduction, and resistance to stress. Though needed in trace quantities, their absence can significantly impair plant health and development.",Parts per million,Extra,zn_ppm,ppm
Iron,Fe,"Soil micronutrients (S, Ca, Mg, Na, Zn, Fe, Mn, Cu) are essential elements required by plants in very small amounts to support critical functions such as growth, reproduction, and resistance to stress. Though needed in trace quantities, their absence can significantly impair plant health and development.",Parts per million,Extra,fe_ppm,ppm
Manganese,Mn,"Soil micronutrients (S, Ca, Mg, Na, Zn, Fe, Mn, Cu) are essential elements required by plants in very small amounts to support critical functions such as growth, reproduction, and resistance to stress. Though needed in trace quantities, their absence can significantly impair plant health and development.",Parts per million,Extra,mn_ppm,ppm
Copper,Cu,"Soil micronutrients (S, Ca, Mg, Na, Zn, Fe, Mn, Cu) are essential elements required by plants in very small amounts to support critical functions such as growth, reproduction, and resistance to stress. Though needed in trace quantities, their absence can significantly impair plant health and development.",Parts per million,Extra,cu_ppm,ppm
Bare ground,BG,"The percentage of ground area not protected by plants, litter, thatch, rocks, moss, lichen, or biocrust. Higher proportions of bare ground make the soil more susceptible to erosion and moisture loss and may indicate plant disturbance such as drought or overgrazing.",% bare ground,Extra,Bareground_perc,%
Aggregate stability,AS,Soil aggregates' resistance to erosion when submerged in water. Organic compounds in the soil support aggregates that resist breakage and add structure to the soil matrix. A higher aggregate stability index indicates more resilience to erosion by falling rain and saturated conditions. This index is unitless and is appropriate for relative comparisons between sites or over time as management changes.,0.1-1 where smaller numbers indicate less stability,Extra,Slakes_index,NA
Saturated Hydraulic Conductivity,Ksat,"The rate at which gravity pulls water through the soil under saturated conditions. SHC reflects how much rainfall or irrigation a soil can accept before ponding and runoff occurs. It is impacted by inherent soil texture, organic matter, and soil structure like aggregation, macropores, and cracking.",Centimeters of water infiltrated per minute,Extra,Ksat,cm/min
Water Holding Capacity,WHC,"The percent of water by mass that a sieved soil sample can hold against the downward pull of gravity. This value is influenced by soil texture and organic matter, but doesn't represent the influence of soil structure like aggregation and macropores in the field.",Grams of water per gram of soil,Extra,WHC,g/g
Fungi:bacteria ratio,FB,"The ratio of fungal to bacterial microbial biomass in the soil. Higher FB is associated with greater organic matter stabilization, improved soil structure, and less soil disturbance.",Micrograms (μg) of carbon per gram of dry soil,Extra,Fungi.Bacteria.ng.g,NA
Microbial Biomass,MB,"The mass of soil micro-organisms, like bacteria and fungi, relative to soil mass. Higher MB indicates greater microbial abundance. ",Micrograms (μg) of biomass per gram of dry soil,Extra,Total.Living.Microbial.Biomass.ng.g,μg/g
